date,value
2016-10-19T00:00:00,273.15
2016-10-19T00:09:59,273.17
2016-10-19T00:20:00,273.18
2016-10-19T00:29:59,273.17
2016-10-19T00:40:00,273.2
2016-10-19T00:49:59,273.26
2016-10-19T01:00:00,273.22
2016-10-19T01:09:59,273.28
2016-10-19T01:20:00,273.34
2016-10-19T01:30:00,273.32
2016-10-19T01:39:59,273.27
2016-10-19T01:50:00,273.37
2016-10-19T01:59:59,273.41
2016-10-19T02:10:00,273.33
2016-10-19T02:19:59,273.37
2016-10-19T02:30:00,273.29
2016-10-19T02:39:59,273.3
2016-10-19T02:50:00,273.29
2016-10-19T03:00:00,273.29
2016-10-19T03:09:59,273.28
2016-10-19T03:20:00,273.28
2016-10-19T03:29:59,273.3
2016-10-19T03:40:00,273.31
2016-10-19T03:49:59,273.33
2016-10-19T04:00:00,273.33
2016-10-19T04:09:59,273.29
2016-10-19T04:20:00,273.25
2016-10-19T04:30:00,273.24
2016-10-19T04:39:59,273.22
2016-10-19T04:50:00,273.21
2016-10-19T04:59:59,273.2
2016-10-19T05:10:00,273.17
2016-10-19T05:19:59,273.16
2016-10-19T05:30:00,273.18
2016-10-19T05:39:59,273.21
2016-10-19T05:50:00,273.25
2016-10-19T06:00:00,273.24
2016-10-19T06:09:59,273.24
2016-10-19T06:20:00,273.22
2016-10-19T06:29:59,273.17
2016-10-19T06:40:00,273.16
2016-10-19T06:49:59,273.19
2016-10-19T07:00:00,273.25
2016-10-19T07:09:59,273.26
2016-10-19T07:20:00,273.24
2016-10-19T07:30:00,273.16
2016-10-19T07:39:59,273.2
2016-10-19T07:50:00,273.22
2016-10-19T07:59:59,273.23
2016-10-19T08:10:00,273.31
2016-10-19T08:19:59,273.26
2016-10-19T08:30:00,273.33
2016-10-19T08:39:59,273.4
2016-10-19T08:50:00,273.45
2016-10-19T09:00:00,273.42
2016-10-19T09:09:59,273.39
2016-10-19T09:20:00,273.35
2016-10-19T09:29:59,273.35
2016-10-19T09:40:00,273.35
2016-10-19T09:49:59,273.38
2016-10-19T10:00:00,273.4
2016-10-19T10:09:59,273.41
2016-10-19T10:20:00,273.41
2016-10-19T10:30:00,273.48
2016-10-19T10:39:59,273.46
2016-10-19T10:50:00,273.43
2016-10-19T10:59:59,273.38
2016-10-19T11:10:00,273.37
2016-10-19T11:19:59,273.4
2016-10-19T11:30:00,273.31
2016-10-19T11:39:59,273.3
2016-10-19T11:50:00,273.3
2016-10-19T12:00:00,273.28
2016-10-19T12:09:59,273.33
2016-10-19T12:20:00,273.35
2016-10-19T12:29:59,273.34
2016-10-19T12:40:00,273.39
2016-10-19T12:49:59,273.44
2016-10-19T13:00:00,273.44
2016-10-19T13:09:59,273.39
2016-10-19T13:20:00,273.44
2016-10-19T13:30:00,273.43
2016-10-19T13:39:59,273.5
2016-10-19T13:50:00,273.53
2016-10-19T13:59:59,273.42
2016-10-19T14:10:00,273.39
2016-10-19T14:19:59,273.58
2016-10-19T14:30:00,273.84
2016-10-19T14:39:59,273.86
2016-10-19T14:50:00,274.09
2016-10-19T15:00:00,274.17
2016-10-19T15:09:59,274.21
2016-10-19T15:20:00,274.1
2016-10-19T15:29:59,273.92
2016-10-19T15:40:00,273.99
2016-10-19T15:49:59,274.05
2016-10-19T16:00:00,273.97
2016-10-19T16:09:59,273.98
2016-10-19T16:20:00,274.03
2016-10-19T16:30:00,274.11
2016-10-19T16:39:59,274.08
2016-10-19T16:50:00,274.12
2016-10-19T16:59:59,274.15
2016-10-19T17:10:00,274.1
2016-10-19T17:19:59,274.12
2016-10-19T17:30:00,274.18
2016-10-19T17:39:59,274.16
2016-10-19T17:50:00,274.2
2016-10-19T18:00:00,274.15
2016-10-19T18:09:59,274.19
2016-10-19T18:20:00,274.2
2016-10-19T18:29:59,274.18
2016-10-19T18:40:00,274.1
2016-10-19T18:49:59,274.03
2016-10-19T19:00:00,274.1
2016-10-19T19:09:59,274.18
2016-10-19T19:20:00,274.16
2016-10-19T19:30:00,274.13
2016-10-19T19:39:59,274.06
2016-10-19T19:50:00,274.07
2016-10-19T19:59:59,273.96
2016-10-19T20:10:00,274
2016-10-19T23:39:59,274
2016-10-19T23:50:00,274
2016-10-20T00:00:00,273.99
2016-10-20T00:09:59,273.99
2016-10-20T00:20:00,274.02
2016-10-20T00:29:59,274.04
2016-10-20T00:40:00,274.01
2016-10-20T00:49:59,274.07
2016-10-20T01:00:00,274.07
2016-10-20T01:09:59,274.01
2016-10-20T01:20:00,274.04
2016-10-20T01:30:00,274.09
2016-10-20T01:39:59,274.12
2016-10-20T01:50:00,274.13
2016-10-20T01:59:59,274.19
2016-10-20T02:10:00,274.18
2016-10-20T02:19:59,274.18
2016-10-20T02:30:00,274.18
2016-10-20T02:39:59,274.19
2016-10-20T02:50:00,274.19
2016-10-20T03:00:00,274.2
2016-10-20T03:09:59,274.21
2016-10-20T03:20:00,274.21
2016-10-20T03:29:59,274.2
2016-10-20T03:40:00,274.24
2016-10-20T03:49:59,274.26
2016-10-20T04:00:00,274.2
2016-10-20T04:09:59,274.19
2016-10-20T04:20:00,274.14
2016-10-20T04:30:00,274.12
2016-10-20T04:39:59,274.12
2016-10-20T04:50:00,274.1
2016-10-20T04:59:59,274.07
2016-10-20T05:10:00,274.03
2016-10-20T05:19:59,274
2016-10-20T05:30:00,274.04
2016-10-20T05:39:59,274.07
2016-10-20T05:50:00,274.04
2016-10-20T06:00:00,274.07
2016-10-20T06:09:59,274.08
2016-10-20T06:20:00,274.05
2016-10-20T06:29:59,274.05
2016-10-20T06:40:00,274.07
2016-10-20T06:49:59,274.08
2016-10-20T07:00:00,274.06
2016-10-20T07:09:59,274.02
2016-10-20T07:20:00,273.99
2016-10-20T07:30:00,273.93
2016-10-20T07:39:59,274
2016-10-20T07:50:00,274.04
2016-10-20T07:59:59,274.02
2016-10-20T08:10:00,274.04
2016-10-20T08:19:59,273.99
2016-10-20T08:30:00,273.98
2016-10-20T08:39:59,274.02
2016-10-20T08:50:00,273.98
2016-10-20T09:00:00,274
2016-10-20T09:09:59,274
2016-10-20T09:20:00,274.02
2016-10-20T09:29:59,274.02
2016-10-20T09:40:00,274
2016-10-20T09:49:59,274
2016-10-20T10:00:00,274.02
2016-10-20T10:09:59,274.08
2016-10-20T10:20:00,274.11
2016-10-20T10:30:00,274.07
2016-10-20T10:39:59,274.08
2016-10-20T10:50:00,274.04
2016-10-20T10:59:59,274.06
2016-10-20T11:10:00,274.1
2016-10-20T11:19:59,274.08
2016-10-20T11:30:00,274.15
2016-10-20T11:39:59,274.1
2016-10-20T11:50:00,274.05
2016-10-20T12:00:00,274.05
2016-10-20T12:09:59,274.05
2016-10-20T12:20:00,274.04
2016-10-20T12:29:59,273.98
2016-10-20T12:40:00,273.82
2016-10-20T12:49:59,273.79
2016-10-20T13:00:00,273.77
2016-10-20T13:09:59,273.79
2016-10-20T13:20:00,273.73
2016-10-20T13:30:00,273.72
2016-10-20T13:39:59,273.6
2016-10-20T13:50:00,273.86
2016-10-20T13:59:59,274.31
2016-10-20T14:10:00,274.02
2016-10-20T14:19:59,273.83
2016-10-20T14:30:00,273.2
2016-10-20T14:39:59,273.18
2016-10-20T14:50:00,273.01
2016-10-20T15:00:00,273.12
2016-10-20T15:09:59,273.05
2016-10-20T15:20:00,273.35
2016-10-20T15:29:59,273.38
2016-10-20T15:40:00,273.36
2016-10-20T15:49:59,273.43
2016-10-20T16:00:00,273.83
2016-10-20T16:09:59,273.79
2016-10-20T16:20:00,273.74
2016-10-20T16:30:00,273.78000000000003
2016-10-20T16:39:59,273.96
2016-10-20T16:50:00,273.88
2016-10-20T16:59:59,273.93
2016-10-20T17:10:00,273.90000000000003
2016-10-20T17:19:59,273.82
2016-10-20T17:30:00,273.90000000000003
2016-10-20T17:39:59,273.88
2016-10-20T17:50:00,273.56
2016-10-20T18:00:00,273.65000000000003
2016-10-20T18:09:59,273.68
2016-10-20T18:20:00,273.61
2016-10-20T18:29:59,273.62
2016-10-20T18:40:00,273.63
2016-10-20T18:49:59,273.71
2016-10-20T19:00:00,273.72
2016-10-20T19:09:59,273.81
2016-10-20T19:20:00,273.69
2016-10-20T19:30:00,273.54
2016-10-20T19:39:59,273.56
2016-10-20T19:50:00,273.73
2016-10-20T19:59:59,273.63
2016-10-20T20:10:00,273.63
2016-10-20T23:39:59,273.63
2016-10-20T23:50:00,273.64
2016-10-21T00:00:00,273.57
2016-10-21T00:09:59,273.55
2016-10-21T00:20:00,273.55
2016-10-21T00:29:59,273.48
2016-10-21T00:40:00,273.5
2016-10-21T00:49:59,273.52
2016-10-21T01:00:00,273.51
2016-10-21T01:09:59,273.55
2016-10-21T01:20:00,273.56
2016-10-21T01:30:00,273.54
2016-10-21T01:39:59,273.55
2016-10-21T01:50:00,273.5
2016-10-21T01:59:59,273.45
2016-10-21T02:10:00,273.47
2016-10-21T02:19:59,273.45
2016-10-21T02:30:00,273.40000000000003
2016-10-21T02:39:59,273.39
2016-10-21T02:50:00,273.46
2016-10-21T03:00:00,273.39
2016-10-21T03:09:59,273.40000000000003
2016-10-21T03:20:00,273.43
2016-10-21T03:29:59,273.39
2016-10-21T03:40:00,273.40000000000003
2016-10-21T03:49:59,273.37
2016-10-21T04:00:00,273.37
2016-10-21T04:09:59,273.39
2016-10-21T04:20:00,273.40000000000003
2016-10-21T04:30:00,273.39
2016-10-21T04:39:59,273.37
2016-10-21T04:50:00,273.36
2016-10-21T04:59:59,273.34000000000003
2016-10-21T05:10:00,273.34000000000003
2016-10-21T05:19:59,273.33
2016-10-21T05:30:00,273.34000000000003
2016-10-21T05:39:59,273.35
2016-10-21T05:50:00,273.35
2016-10-21T06:00:00,273.38
2016-10-21T06:09:59,273.42
2016-10-21T06:20:00,273.41
2016-10-21T06:29:59,273.43
2016-10-21T06:40:00,273.40000000000003
2016-10-21T06:49:59,273.39
2016-10-21T07:00:00,273.44
2016-10-21T07:09:59,273.38
2016-10-21T07:20:00,273.37
2016-10-21T07:30:00,273.42
2016-10-21T07:39:59,273.37
2016-10-21T07:50:00,273.28000000000003
2016-10-21T07:59:59,273.3
2016-10-21T08:10:00,273.31
2016-10-21T08:19:59,273.31
2016-10-21T08:30:00,273.28000000000003
2016-10-21T08:39:59,273.18
2016-10-21T08:50:00,273.21
2016-10-21T09:00:00,273.24
2016-10-21T09:09:59,273.27
2016-10-21T09:20:00,273.25
2016-10-21T09:29:59,273.26
2016-10-21T09:40:00,273.31
2016-10-21T09:49:59,273.37
2016-10-21T10:00:00,273.37
2016-10-21T10:09:59,273.36
2016-10-21T10:20:00,273.31
2016-10-21T10:30:00,273.32
2016-10-21T10:39:59,273.38
2016-10-21T10:50:00,273.35
2016-10-21T10:59:59,273.31
2016-10-21T11:10:00,273.31
2016-10-21T11:19:59,273.28000000000003
2016-10-21T11:30:00,273.29
2016-10-21T11:39:59,273.29
2016-10-21T11:50:00,273.28000000000003
2016-10-21T12:00:00,273.24
2016-10-21T12:09:59,273.24
2016-10-21T12:20:00,273.2
2016-10-21T12:29:59,273.15000000000003
2016-10-21T12:40:00,273.12
2016-10-21T12:49:59,272.99
2016-10-21T13:00:00,272.94
2016-10-21T13:09:59,272.98
2016-10-21T13:20:00,273.01
2016-10-21T13:30:00,272.45
2016-10-21T13:39:59,272.31
2016-10-21T13:50:00,272.45
2016-10-21T13:59:59,272.42
2016-10-21T14:10:00,272.46
2016-10-21T14:19:59,272.67
2016-10-21T14:30:00,272.87
2016-10-21T14:39:59,272.85
2016-10-21T14:50:00,272.71
2016-10-21T15:00:00,272.68
2016-10-21T15:09:59,272.75
2016-10-21T15:20:00,272.66
2016-10-21T15:29:59,272.76
2016-10-21T15:40:00,272.81
2016-10-21T15:49:59,272.96
2016-10-21T16:00:00,272.93
2016-10-21T16:09:59,272.91
2016-10-21T16:20:00,272.86
2016-10-21T16:30:00,272.81
2016-10-21T16:39:59,272.95
2016-10-21T16:50:00,272.93
2016-10-21T16:59:59,272.93
2016-10-21T17:10:00,272.92
2016-10-21T17:19:59,272.87
2016-10-21T17:30:00,272.8
2016-10-21T17:39:59,272.89
2016-10-21T17:50:00,272.99
2016-10-21T18:00:00,272.98
2016-10-21T18:09:59,273.01
2016-10-21T18:20:00,273.09000000000003
2016-10-21T18:29:59,273.09000000000003
2016-10-21T18:40:00,273.19
2016-10-21T18:49:59,273.21
2016-10-21T19:00:00,273.23
2016-10-21T19:09:59,273.25
2016-10-21T19:20:00,273.16
2016-10-21T19:30:00,273.18
2016-10-21T19:39:59,273.17
2016-10-21T19:50:00,273.23
2016-10-21T19:59:59,273.24
2016-10-21T20:10:00,273.24
2016-10-24T00:00:00,273.16
2016-10-24T00:09:59,273.16
2016-10-24T00:20:00,273.14
2016-10-24T00:29:59,273.14
2016-10-24T00:40:00,273.17
2016-10-24T00:49:59,273.16
2016-10-24T01:00:00,273.12
2016-10-24T01:09:59,273.13
2016-10-24T01:20:00,273.14
2016-10-24T01:30:00,273.03000000000003
2016-10-24T01:39:59,272.93
2016-10-24T01:50:00,272.93
2016-10-24T01:59:59,273.02
2016-10-24T02:10:00,273.02
2016-10-24T02:19:59,273.03000000000003
2016-10-24T02:30:00,273.09000000000003
2016-10-24T02:39:59,273.11
2016-10-24T02:50:00,273.1
2016-10-24T03:00:00,273.1
2016-10-24T03:09:59,273.14
2016-10-24T03:20:00,273.15000000000003
2016-10-24T03:29:59,273.17
2016-10-24T03:40:00,273.22
2016-10-24T03:49:59,273.22
2016-10-24T04:00:00,273.22
2016-10-24T04:09:59,273.21
2016-10-24T04:20:00,273.22
2016-10-24T04:30:00,273.23
2016-10-24T04:39:59,273.23
2016-10-24T04:50:00,273.2
2016-10-24T04:59:59,273.19
2016-10-24T05:10:00,273.22
2016-10-24T05:19:59,273.26
2016-10-24T05:30:00,273.28000000000003
2016-10-24T05:39:59,273.33
2016-10-24T05:50:00,273.33
2016-10-24T06:00:00,273.33
2016-10-24T06:09:59,273.32
2016-10-24T06:20:00,273.38
2016-10-24T06:29:59,273.42
2016-10-24T06:40:00,273.48
2016-10-24T06:49:59,273.51
2016-10-24T07:00:00,273.75
2016-10-24T07:09:59,273.77
2016-10-24T07:20:00,273.87
2016-10-24T07:30:00,273.89
2016-10-24T07:39:59,273.94
2016-10-24T07:50:00,273.93
2016-10-24T07:59:59,273.95
2016-10-24T08:10:00,273.86
2016-10-24T08:19:59,273.84000000000003
2016-10-24T08:30:00,273.81
2016-10-24T08:39:59,273.82
2016-10-24T08:50:00,273.85
2016-10-24T09:00:00,273.84000000000003
2016-10-24T09:09:59,273.89
2016-10-24T09:20:00,273.82
2016-10-24T09:29:59,273.8
2016-10-24T09:40:00,273.76
2016-10-24T09:49:59,273.79
2016-10-24T10:00:00,273.78000000000003
2016-10-24T10:09:59,273.79
2016-10-24T10:20:00,273.77
2016-10-24T10:30:00,273.74
2016-10-24T10:39:59,273.75
2016-10-24T10:50:00,273.75
2016-10-24T10:59:59,273.75
2016-10-24T11:10:00,273.78000000000003
2016-10-24T11:19:59,273.82
2016-10-24T11:30:00,273.82
2016-10-24T11:39:59,273.78000000000003
2016-10-24T11:50:00,273.77
2016-10-24T12:00:00,273.81
2016-10-24T12:09:59,273.75
2016-10-24T12:20:00,273.75
2016-10-24T12:29:59,273.79
2016-10-24T12:40:00,273.77
2016-10-24T12:49:59,273.77
2016-10-24T13:00:00,273.77
2016-10-24T13:09:59,273.72
2016-10-24T13:20:00,273.73
2016-10-24T13:30:00,274.54
2016-10-24T13:39:59,274.5
2016-10-24T13:50:00,274.54
2016-10-24T13:59:59,274.38
2016-10-24T14:10:00,274.11
2016-10-24T14:19:59,274.12
2016-10-24T14:30:00,274.1
2016-10-24T14:39:59,273.92
2016-10-24T14:50:00,274.02
2016-10-24T15:00:00,274.15000000000003
2016-10-24T15:09:59,274.15000000000003
2016-10-24T15:20:00,274.14
2016-10-24T15:29:59,274.08
2016-10-24T15:40:00,274.01
2016-10-24T15:49:59,274
2016-10-24T16:00:00,273.94
2016-10-24T16:09:59,273.98
2016-10-24T16:20:00,273.86
2016-10-24T16:30:00,273.8
2016-10-24T16:39:59,273.77
2016-10-24T16:50:00,273.82
2016-10-24T16:59:59,273.84000000000003
2016-10-24T17:10:00,273.84000000000003
2016-10-24T17:19:59,273.86
2016-10-24T17:30:00,273.86
2016-10-24T17:39:59,273.86
2016-10-24T17:50:00,273.90000000000003
2016-10-24T18:00:00,273.88
2016-10-24T18:09:59,273.94
2016-10-24T18:20:00,273.93
2016-10-24T18:29:59,274.01
2016-10-24T18:40:00,274.01
2016-10-24T18:49:59,274.01
2016-10-24T19:00:00,274.04
2016-10-24T19:09:59,274
2016-10-24T19:20:00,273.95
2016-10-24T19:30:00,273.92
2016-10-24T19:39:59,273.94
2016-10-24T19:50:00,274.01
2016-10-24T19:59:59,274.05
2016-10-24T20:10:00,274.06
2016-10-24T23:39:59,274.07
2016-10-24T23:50:00,274.05
2016-10-25T00:00:00,274.21
2016-10-25T00:09:59,274.22
2016-10-25T00:20:00,274.19
2016-10-25T00:29:59,274.2
2016-10-25T00:40:00,274.21
2016-10-25T00:49:59,274.17
2016-10-25T01:00:00,274.2
2016-10-25T01:09:59,274.2
2016-10-25T01:20:00,274.18
2016-10-25T01:30:00,274.14
2016-10-25T01:39:59,274.15000000000003
2016-10-25T01:50:00,274.17
2016-10-25T01:59:59,274.21
2016-10-25T02:10:00,274.21
2016-10-25T02:19:59,274.2
2016-10-25T02:30:00,274.23
2016-10-25T02:39:59,274.24
2016-10-25T02:50:00,274.22
2016-10-25T03:00:00,274.2
2016-10-25T03:09:59,274.22
2016-10-25T03:20:00,274.2
2016-10-25T03:29:59,274.24
2016-10-25T03:40:00,274.24
2016-10-25T03:49:59,274.26
2016-10-25T04:00:00,274.3
2016-10-25T04:09:59,274.27
2016-10-25T04:20:00,274.23
2016-10-25T04:30:00,274.25
2016-10-25T04:39:59,274.26
2016-10-25T04:50:00,274.28000000000003
2016-10-25T04:59:59,274.25
2016-10-25T05:10:00,274.25
2016-10-25T05:19:59,274.25
2016-10-25T05:30:00,274.28000000000003
2016-10-25T05:39:59,274.3
2016-10-25T05:50:00,274.36
2016-10-25T06:00:00,274.35
2016-10-25T06:09:59,274.36
2016-10-25T06:20:00,274.33
2016-10-25T06:29:59,274.33
2016-10-25T06:40:00,274.32
2016-10-25T06:49:59,274.28000000000003
2016-10-25T07:00:00,274.42
2016-10-25T07:09:59,274.44
2016-10-25T07:20:00,274.49
2016-10-25T07:30:00,274.51
2016-10-25T07:39:59,274.49
2016-10-25T07:50:00,274.45
2016-10-25T07:59:59,274.48
2016-10-25T08:10:00,274.52
2016-10-25T08:19:59,274.54
2016-10-25T08:30:00,274.53000000000003
2016-10-25T08:39:59,274.53000000000003
2016-10-25T08:50:00,274.61
2016-10-25T09:00:00,274.59000000000003
2016-10-25T09:09:59,274.55
2016-10-25T09:20:00,274.5
2016-10-25T09:29:59,274.52
2016-10-25T09:40:00,274.47
2016-10-25T09:49:59,274.44
2016-10-25T10:00:00,274.47
2016-10-25T10:09:59,274.42
2016-10-25T10:20:00,274.47
2016-10-25T10:30:00,274.43
2016-10-25T10:39:59,274.42
2016-10-25T10:50:00,274.37
2016-10-25T10:59:59,274.40000000000003
2016-10-25T11:10:00,274.41
2016-10-25T11:19:59,274.48
2016-10-25T11:30:00,274.44
2016-10-25T11:39:59,274.46
2016-10-25T11:50:00,274.44
2016-10-25T12:00:00,274.37
2016-10-25T12:09:59,274.40000000000003
2016-10-25T12:20:00,274.39
2016-10-25T12:29:59,274.40000000000003
2016-10-25T12:40:00,274.36
2016-10-25T12:49:59,274.22
2016-10-25T13:00:00,274.08
2016-10-25T13:09:59,274.04
2016-10-25T13:20:00,274.06
2016-10-25T13:30:00,273.71
2016-10-25T13:39:59,273.90000000000003
2016-10-25T13:50:00,273.87
2016-10-25T13:59:59,274.09000000000003
2016-10-25T14:10:00,273.96
2016-10-25T14:19:59,273.82
2016-10-25T14:30:00,273.76
2016-10-25T14:39:59,273.47
2016-10-25T14:50:00,273.39
2016-10-25T15:00:00,273.6
2016-10-25T15:09:59,273.54
2016-10-25T15:20:00,273.6
2016-10-25T15:29:59,273.8
2016-10-25T15:40:00,273.81
2016-10-25T15:49:59,273.79
2016-10-25T16:00:00,273.79
2016-10-25T16:09:59,273.65000000000003
2016-10-25T16:20:00,273.75
2016-10-25T16:30:00,273.72
2016-10-25T16:39:59,273.72
2016-10-25T16:50:00,273.81
2016-10-25T16:59:59,273.78000000000003
2016-10-25T17:10:00,273.75
2016-10-25T17:19:59,273.89
2016-10-25T17:30:00,273.85
2016-10-25T17:39:59,273.87
2016-10-25T17:50:00,273.94
2016-10-25T18:00:00,273.94
2016-10-25T18:09:59,273.91
2016-10-25T18:20:00,273.97
2016-10-25T18:29:59,273.90000000000003
2016-10-25T18:40:00,273.89
2016-10-25T18:49:59,273.82
2016-10-25T19:00:00,273.74
2016-10-25T19:09:59,273.74
2016-10-25T19:20:00,273.72
2016-10-25T19:30:00,273.78000000000003
2016-10-25T19:39:59,273.74
2016-10-25T19:50:00,273.7
2016-10-25T19:59:59,273.72
2016-10-25T20:10:00,273.7
2016-10-25T23:39:59,273.66
2016-10-25T23:50:00,273.65000000000003
2016-10-26T00:00:00,273.57
2016-10-26T00:09:59,273.58
2016-10-26T00:20:00,273.54
2016-10-26T00:29:59,273.66
2016-10-26T00:40:00,273.52
2016-10-26T00:49:59,273.47
2016-10-26T01:00:00,273.45
2016-10-26T01:09:59,273.45
2016-10-26T01:20:00,273.43
2016-10-26T01:30:00,273.38
2016-10-26T01:39:59,273.37
2016-10-26T01:50:00,273.39
2016-10-26T01:59:59,273.40000000000003
2016-10-26T02:10:00,273.45
2016-10-26T02:19:59,273.42
2016-10-26T02:30:00,273.43
2016-10-26T02:39:59,273.45
2016-10-26T02:50:00,273.43
2016-10-26T03:00:00,273.40000000000003
2016-10-26T03:09:59,273.38
2016-10-26T03:20:00,273.38
2016-10-26T03:29:59,273.39
2016-10-26T03:40:00,273.40000000000003
2016-10-26T03:49:59,273.43
2016-10-26T04:00:00,273.42
2016-10-26T04:09:59,273.42
2016-10-26T04:20:00,273.40000000000003
2016-10-26T04:30:00,273.41
2016-10-26T04:39:59,273.41
2016-10-26T04:50:00,273.40000000000003
2016-10-26T04:59:59,273.38
2016-10-26T05:10:00,273.43
2016-10-26T05:19:59,273.42
2016-10-26T05:30:00,273.43
2016-10-26T05:39:59,273.46
2016-10-26T05:50:00,273.47
2016-10-26T06:00:00,273.46
2016-10-26T06:09:59,273.48
2016-10-26T06:20:00,273.49
2016-10-26T06:29:59,273.58
2016-10-26T06:40:00,273.63
2016-10-26T06:49:59,273.61
2016-10-26T07:00:00,273.49
2016-10-26T07:09:59,273.49
2016-10-26T07:20:00,273.38
2016-10-26T07:30:00,273.43
2016-10-26T07:39:59,273.45
2016-10-26T07:50:00,273.42
2016-10-26T07:59:59,273.44
2016-10-26T08:10:00,273.36
2016-10-26T08:19:59,273.27
2016-10-26T08:30:00,273.12
2016-10-26T08:39:59,273.19
2016-10-26T08:50:00,273.27
2016-10-26T09:00:00,273.25
2016-10-26T09:09:59,273.23
2016-10-26T09:20:00,273.15000000000003
2016-10-26T09:29:59,273.14
2016-10-26T09:40:00,273.18
2016-10-26T09:49:59,273.22
2016-10-26T10:00:00,273.18
2016-10-26T10:09:59,273.14
2016-10-26T10:20:00,273.09000000000003
2016-10-26T10:30:00,273.12
2016-10-26T10:39:59,273.08
2016-10-26T10:50:00,273.1
2016-10-26T10:59:59,273.1
2016-10-26T11:10:00,273.08
2016-10-26T11:19:59,272.99
2016-10-26T11:30:00,273.02
2016-10-26T11:39:59,273.07
2016-10-26T11:50:00,273.07
2016-10-26T12:00:00,273.14
2016-10-26T12:09:59,273.16
2016-10-26T12:20:00,273.08
2016-10-26T12:29:59,273.1
2016-10-26T12:40:00,273.08
2016-10-26T12:49:59,273.07
2016-10-26T13:00:00,273.04
2016-10-26T13:09:59,273.05
2016-10-26T13:20:00,273.08
2016-10-26T13:30:00,272.39
2016-10-26T13:39:59,272.6
2016-10-26T13:50:00,272.44
2016-10-26T13:59:59,272.38
2016-10-26T14:10:00,272.37
2016-10-26T14:19:59,272.38
2016-10-26T14:30:00,272.73
2016-10-26T14:39:59,272.81
2016-10-26T14:50:00,272.89
2016-10-26T15:00:00,273.32
2016-10-26T15:09:59,273.34000000000003
2016-10-26T15:20:00,273.26
2016-10-26T15:29:59,273.33
2016-10-26T15:40:00,273.16
2016-10-26T15:49:59,273.23
2016-10-26T16:00:00,273.15000000000003
2016-10-26T16:09:59,273.21
2016-10-26T16:20:00,273.18
2016-10-26T16:30:00,273.08
2016-10-26T16:39:59,273.13
2016-10-26T16:50:00,273.12
2016-10-26T16:59:59,273.06
2016-10-26T17:10:00,272.84000000000003
2016-10-26T17:19:59,272.84000000000003
2016-10-26T17:30:00,272.82
2016-10-26T17:39:59,272.65
2016-10-26T17:50:00,272.56
2016-10-26T18:00:00,272.51
2016-10-26T18:09:59,272.68
2016-10-26T18:20:00,272.57
2016-10-26T18:29:59,272.64
2016-10-26T18:40:00,272.74
2016-10-26T18:49:59,272.7
2016-10-26T19:00:00,272.76
2016-10-26T19:09:59,272.78000000000003
2016-10-26T19:20:00,272.95
2016-10-26T19:30:00,272.92
2016-10-26T19:39:59,272.89
2016-10-26T19:50:00,272.79
2016-10-26T19:59:59,272.82
2016-10-26T20:10:00,272.82
2016-10-26T23:39:59,272.84000000000003
2016-10-26T23:50:00,272.83
2016-10-27T00:00:00,272.79
2016-10-27T00:09:59,272.78000000000003
2016-10-27T00:20:00,272.78000000000003
2016-10-27T00:29:59,272.81
2016-10-27T00:40:00,272.86
2016-10-27T00:49:59,272.85
2016-10-27T01:00:00,272.8
2016-10-27T01:09:59,272.78000000000003
2016-10-27T01:20:00,272.78000000000003
2016-10-27T01:30:00,272.8
2016-10-27T01:39:59,272.7
2016-10-27T01:50:00,272.72
2016-10-27T01:59:59,272.66
2016-10-27T02:10:00,272.66
2016-10-27T02:19:59,272.66
2016-10-27T02:30:00,272.6
2016-10-27T02:39:59,272.58
2016-10-27T02:50:00,272.55
2016-10-27T03:00:00,272.55
2016-10-27T03:09:59,272.55
2016-10-27T03:20:00,272.5
2016-10-27T03:29:59,272.52
2016-10-27T03:40:00,272.52
2016-10-27T03:49:59,272.49
2016-10-27T04:00:00,272.47
2016-10-27T04:09:59,272.49
2016-10-27T04:20:00,272.48
2016-10-27T04:30:00,272.46
2016-10-27T04:39:59,272.45
2016-10-27T04:50:00,272.46
2016-10-27T04:59:59,272.41
2016-10-27T05:10:00,272.42
2016-10-27T05:19:59,272.46
2016-10-27T05:30:00,272.48
2016-10-27T05:39:59,272.48
2016-10-27T05:50:00,272.51
2016-10-27T06:00:00,272.54
2016-10-27T06:09:59,272.53000000000003
2016-10-27T06:20:00,272.51
2016-10-27T06:29:59,272.47
2016-10-27T06:40:00,272.47
2016-10-27T06:49:59,272.46
2016-10-27T07:00:00,272.32
2016-10-27T07:09:59,272.23
2016-10-27T07:20:00,272.27
2016-10-27T07:30:00,272.33
2016-10-27T07:39:59,272.45
2016-10-27T07:50:00,272.52
2016-10-27T07:59:59,272.76
2016-10-27T08:10:00,272.8
2016-10-27T08:19:59,272.73
2016-10-27T08:30:00,272.74
2016-10-27T08:39:59,272.47
2016-10-27T08:50:00,272.38
2016-10-27T09:00:00,272.34000000000003
2016-10-27T09:09:59,272.34000000000003
2016-10-27T09:20:00,272.4
2016-10-27T09:29:59,272.44
2016-10-27T09:40:00,272.44
2016-10-27T09:49:59,272.44
2016-10-27T10:00:00,272.47
2016-10-27T10:09:59,272.38
2016-10-27T10:20:00,272.41
2016-10-27T10:30:00,272.54
2016-10-27T10:39:59,272.6
2016-10-27T10:50:00,272.57
2016-10-27T10:59:59,272.57
2016-10-27T11:10:00,272.57
2016-10-27T11:19:59,272.57
2016-10-27T11:30:00,272.57
2016-10-27T11:39:59,272.57
2016-10-27T11:50:00,272.56
2016-10-27T12:00:00,272.56
2016-10-27T12:09:59,272.67
2016-10-27T12:20:00,272.65
2016-10-27T12:29:59,272.67
2016-10-27T12:40:00,272.57
2016-10-27T12:49:59,272.61
2016-10-27T13:00:00,272.66
2016-10-27T13:09:59,272.73
2016-10-27T13:20:00,272.67
2016-10-27T13:30:00,273.09000000000003
2016-10-27T13:39:59,272.71
2016-10-27T13:50:00,272.74
2016-10-27T13:59:59,272.6
2016-10-27T14:10:00,272.37
2016-10-27T14:19:59,271.98
2016-10-27T14:30:00,272.29
2016-10-27T14:39:59,272.16
2016-10-27T14:50:00,272.26
2016-10-27T15:00:00,272.07
2016-10-27T15:09:59,272.22
2016-10-27T15:20:00,272.34000000000003
2016-10-27T15:29:59,272.33
2016-10-27T15:40:00,272.26
2016-10-27T15:49:59,272.33
2016-10-27T16:00:00,272.57
2016-10-27T16:09:59,272.56
2016-10-27T16:20:00,272.38
2016-10-27T16:30:00,272.36
2016-10-27T16:39:59,272.14
2016-10-27T16:50:00,272.17
2016-10-27T16:59:59,272.27
2016-10-27T17:10:00,272.2
2016-10-27T17:19:59,272.3
2016-10-27T17:30:00,272.26
2016-10-27T17:39:59,272.33
2016-10-27T17:50:00,272.34000000000003
2016-10-27T18:00:00,272.34000000000003
2016-10-27T18:09:59,272.47
2016-10-27T18:20:00,272.33
2016-10-27T18:29:59,272.27
2016-10-27T18:40:00,272.25
2016-10-27T18:49:59,272.2
2016-10-27T19:00:00,272.2
2016-10-27T19:09:59,272.07
2016-10-27T19:20:00,271.96
2016-10-27T19:30:00,272.06
2016-10-27T19:39:59,272
2016-10-27T19:50:00,271.9
2016-10-27T19:59:59,271.91
2016-10-27T20:10:00,271.92
2016-10-27T23:39:59,271.93
2016-10-27T23:50:00,271.94
2016-10-28T00:00:00,272.07
2016-10-28T00:09:59,272.06
2016-10-28T00:20:00,272.04
2016-10-28T00:29:59,272.03000000000003
2016-10-28T00:40:00,272.05
2016-10-28T00:49:59,272.07
2016-10-28T01:00:00,272.05
2016-10-28T01:09:59,272.03000000000003
2016-10-28T01:20:00,271.99
2016-10-28T01:30:00,271.99
2016-10-28T01:39:59,271.98
2016-10-28T01:50:00,272.01
2016-10-28T01:59:59,272.07
2016-10-28T02:10:00,272.1
2016-10-28T02:19:59,272.12
2016-10-28T02:30:00,272.12
2016-10-28T02:39:59,272.09000000000003
2016-10-28T02:50:00,272.06
2016-10-28T03:00:00,272.03000000000003
2016-10-28T03:09:59,272.03000000000003
2016-10-28T03:20:00,272.03000000000003
2016-10-28T03:29:59,272.03000000000003
2016-10-28T03:40:00,272.02
2016-10-28T03:49:59,272.05
2016-10-28T04:00:00,272.04
2016-10-28T04:09:59,272.05
2016-10-28T04:20:00,272.05
2016-10-28T04:30:00,272.07
2016-10-28T04:39:59,272.1
2016-10-28T04:50:00,272.09000000000003
2016-10-28T04:59:59,272.08
2016-10-28T05:10:00,272.1
2016-10-28T05:19:59,272.06
2016-10-28T05:30:00,272.05
2016-10-28T05:39:59,272.02
2016-10-28T05:50:00,272.01
2016-10-28T06:00:00,272
2016-10-28T06:09:59,271.97
2016-10-28T06:20:00,272.03000000000003
2016-10-28T06:29:59,272.02
2016-10-28T06:40:00,272.01
2016-10-28T06:49:59,271.99
2016-10-28T07:00:00,271.53000000000003
2016-10-28T07:09:59,271.5
2016-10-28T07:20:00,271.66
2016-10-28T07:30:00,271.73
2016-10-28T07:39:59,271.68
2016-10-28T07:50:00,271.6
2016-10-28T07:59:59,271.61
2016-10-28T08:10:00,271.5
2016-10-28T08:19:59,271.5
2016-10-28T08:30:00,271.46
2016-10-28T08:39:59,271.52
2016-10-28T08:50:00,271.61
2016-10-28T09:00:00,271.61
2016-10-28T09:09:59,271.67
2016-10-28T09:20:00,271.66
2016-10-28T09:29:59,271.76
2016-10-28T09:40:00,271.74
2016-10-28T09:49:59,271.7
2016-10-28T10:00:00,271.75
2016-10-28T10:09:59,271.73
2016-10-28T10:20:00,271.7
2016-10-28T10:30:00,271.78000000000003
2016-10-28T10:39:59,271.79
2016-10-28T10:50:00,271.83
2016-10-28T10:59:59,271.93
2016-10-28T11:10:00,271.86
2016-10-28T11:19:59,271.81
2016-10-28T11:30:00,271.84000000000003
2016-10-28T11:39:59,271.85
2016-10-28T11:50:00,271.87
2016-10-28T12:00:00,271.86
2016-10-28T12:09:59,271.87
2016-10-28T12:20:00,271.85
2016-10-28T12:29:59,271.77
2016-10-28T12:40:00,271.8
2016-10-28T12:49:59,271.87
2016-10-28T13:00:00,271.83
2016-10-28T13:09:59,271.87
2016-10-28T13:20:00,271.81
2016-10-28T13:30:00,271.53000000000003
2016-10-28T13:39:59,272.11
2016-10-28T13:50:00,272.1
2016-10-28T13:59:59,271.64
2016-10-28T14:10:00,271.8
2016-10-28T14:19:59,272.06
2016-10-28T14:30:00,272.47
2016-10-28T14:39:59,272.5
2016-10-28T14:50:00,272.49
2016-10-28T15:00:00,272.42
2016-10-28T15:09:59,272.29
2016-10-28T15:20:00,272.34000000000003
2016-10-28T15:29:59,272.32
2016-10-28T15:40:00,272.28000000000003
2016-10-28T15:49:59,272.29
2016-10-28T16:00:00,272.27
2016-10-28T16:09:59,272.41
2016-10-28T16:20:00,272.51
2016-10-28T16:30:00,272.47
2016-10-28T16:39:59,272.48
2016-10-28T16:50:00,272.54
2016-10-28T16:59:59,272.12
2016-10-28T17:10:00,272.03000000000003
2016-10-28T17:19:59,272.05
2016-10-28T17:30:00,271.83
2016-10-28T17:39:59,271.74
2016-10-28T17:50:00,271.65
2016-10-28T18:00:00,271.61
2016-10-28T18:09:59,271.63
2016-10-28T18:20:00,271.91
2016-10-28T18:29:59,271.97
2016-10-28T18:40:00,271.77
2016-10-28T18:49:59,271.89
2016-10-28T19:00:00,272.06
2016-10-28T19:09:59,271.92
2016-10-28T19:20:00,272.06
2016-10-28T19:30:00,272.08
2016-10-28T19:39:59,271.86
2016-10-28T19:50:00,271.93
2016-10-28T19:59:59,271.88
2016-10-28T20:10:00,271.87
2016-10-31T00:40:00,271.77
2016-10-31T00:49:59,271.71
2016-10-31T01:00:00,271.66
2016-10-31T01:09:59,271.61
2016-10-31T01:20:00,271.59000000000003
2016-10-31T01:30:00,271.63
2016-10-31T01:39:59,271.68
2016-10-31T01:50:00,271.65
2016-10-31T01:59:59,271.61
2016-10-31T02:10:00,271.66
2016-10-31T02:19:59,271.71
2016-10-31T02:30:00,271.67
2016-10-31T02:39:59,271.7
2016-10-31T02:50:00,271.71
2016-10-31T03:00:00,271.72
2016-10-31T03:09:59,271.76
2016-10-31T03:20:00,271.78000000000003
2016-10-31T03:29:59,271.83
2016-10-31T03:40:00,271.85
2016-10-31T03:49:59,271.84000000000003
2016-10-31T04:00:00,271.85
2016-10-31T04:09:59,271.85
2016-10-31T04:20:00,271.89
2016-10-31T04:30:00,271.89
2016-10-31T04:39:59,271.91
2016-10-31T04:50:00,271.88
2016-10-31T04:59:59,271.92
2016-10-31T05:10:00,271.91
2016-10-31T05:19:59,271.95
2016-10-31T05:30:00,271.94
2016-10-31T05:39:59,271.95
2016-10-31T05:50:00,271.92
2016-10-31T06:00:00,271.92
2016-10-31T06:09:59,271.9
2016-10-31T06:20:00,271.89
2016-10-31T06:29:59,271.88
2016-10-31T06:40:00,271.86
2016-10-31T06:49:59,271.87
2016-10-31T07:00:00,271.86
2016-10-31T07:09:59,271.82
2016-10-31T07:20:00,271.81
2016-10-31T07:30:00,271.8
2016-10-31T07:39:59,271.81
2016-10-31T07:50:00,271.83
2016-10-31T07:59:59,271.54
2016-10-31T08:10:00,271.66
2016-10-31T08:19:59,271.55
2016-10-31T08:30:00,271.56
2016-10-31T08:39:59,271.54
2016-10-31T08:50:00,271.55
2016-10-31T09:00:00,271.53000000000003
2016-10-31T09:09:59,271.55
2016-10-31T09:20:00,271.46
2016-10-31T09:29:59,271.44
2016-10-31T09:40:00,271.43
2016-10-31T09:49:59,271.47
2016-10-31T10:00:00,271.5
2016-10-31T10:09:59,271.51
2016-10-31T10:20:00,271.57
2016-10-31T10:30:00,271.54
2016-10-31T10:39:59,271.5
2016-10-31T10:50:00,271.51
2016-10-31T10:59:59,271.51
2016-10-31T11:10:00,271.5
2016-10-31T11:19:59,271.46
2016-10-31T11:30:00,271.45
2016-10-31T11:39:59,271.47
2016-10-31T11:50:00,271.52
2016-10-31T12:00:00,271.55
2016-10-31T12:09:59,271.6
2016-10-31T12:20:00,271.55
2016-10-31T12:29:59,271.55
2016-10-31T12:40:00,271.56
2016-10-31T12:49:59,271.59000000000003
2016-10-31T13:00:00,271.51
2016-10-31T13:09:59,271.48
2016-10-31T13:20:00,271.5
2016-10-31T13:30:00,271.7
2016-10-31T13:39:59,271.64
2016-10-31T13:50:00,271.66
2016-10-31T13:59:59,271.51
2016-10-31T14:10:00,271.59000000000003
2016-10-31T14:19:59,271.64
2016-10-31T14:30:00,271.34000000000003
2016-10-31T14:39:59,271.23
2016-10-31T14:50:00,271.55
2016-10-31T15:00:00,271.48
2016-10-31T15:09:59,271.51
2016-10-31T15:20:00,271.62
2016-10-31T15:29:59,271.88
2016-10-31T15:40:00,271.78000000000003
2016-10-31T15:49:59,271.83
2016-10-31T16:00:00,272.02
2016-10-31T16:09:59,271.92
2016-10-31T16:20:00,271.82
2016-10-31T16:30:00,271.89
2016-10-31T16:39:59,271.87
2016-10-31T16:50:00,271.83
2016-10-31T16:59:59,271.87
2016-10-31T17:10:00,271.83
2016-10-31T17:19:59,271.72
2016-10-31T17:30:00,271.8
2016-10-31T17:39:59,271.77
2016-10-31T17:50:00,271.79
2016-10-31T18:00:00,271.77
2016-10-31T18:09:59,271.72
2016-10-31T18:20:00,271.69
2016-10-31T18:29:59,271.69
2016-10-31T18:40:00,271.69
2016-10-31T18:49:59,271.67
2016-10-31T19:00:00,271.69
2016-10-31T19:09:59,271.77
2016-10-31T19:20:00,271.71
2016-10-31T19:30:00,271.78000000000003
2016-10-31T19:39:59,271.75
2016-10-31T19:50:00,271.75
2016-10-31T19:59:59,271.65
2016-10-31T20:10:00,271.66
2016-10-31T20:39:59,271.54
2016-11-01T00:40:00,271.38
2016-11-01T00:49:59,271.36
2016-11-01T01:00:00,271.42
2016-11-01T01:09:59,271.42
2016-11-01T01:20:00,271.47
2016-11-01T01:30:00,271.55
2016-11-01T01:39:59,271.52
2016-11-01T01:50:00,271.62
2016-11-01T01:59:59,271.64
2016-11-01T02:10:00,271.65
2016-11-01T02:19:59,271.65
2016-11-01T02:30:00,271.67
2016-11-01T02:39:59,271.69
2016-11-01T02:50:00,271.69
2016-11-01T03:00:00,271.67
2016-11-01T03:09:59,271.61
2016-11-01T03:20:00,271.62
2016-11-01T03:29:59,271.72
2016-11-01T03:40:00,271.68
2016-11-01T03:49:59,271.68
2016-11-01T04:00:00,271.69
2016-11-01T04:09:59,271.7
2016-11-01T04:20:00,271.71
2016-11-01T04:30:00,271.72
2016-11-01T04:39:59,271.72
2016-11-01T04:50:00,271.69
2016-11-01T04:59:59,271.7
2016-11-01T05:10:00,271.7
2016-11-01T05:19:59,271.68
2016-11-01T05:30:00,271.72
2016-11-01T05:39:59,271.74
2016-11-01T05:50:00,271.77
2016-11-01T06:00:00,271.76
2016-11-01T06:09:59,271.75
2016-11-01T06:20:00,271.79
2016-11-01T06:29:59,271.81
2016-11-01T06:40:00,271.77
2016-11-01T06:49:59,271.75
2016-11-01T07:00:00,271.78000000000003
2016-11-01T07:09:59,271.79
2016-11-01T07:20:00,271.82
2016-11-01T07:30:00,271.83
2016-11-01T07:39:59,271.84000000000003
2016-11-01T07:50:00,271.88
2016-11-01T07:59:59,272.1
2016-11-01T08:10:00,272.1
2016-11-01T08:19:59,272.1
2016-11-01T08:30:00,272.07
2016-11-01T08:39:59,271.9
2016-11-01T08:50:00,271.8
2016-11-01T09:00:00,271.69
2016-11-01T09:09:59,271.72
2016-11-01T09:20:00,271.72
2016-11-01T09:29:59,271.74
2016-11-01T09:40:00,271.74
2016-11-01T09:49:59,271.87
2016-11-01T10:00:00,271.91
2016-11-01T10:09:59,271.97
2016-11-01T10:20:00,271.99
2016-11-01T10:30:00,271.98
2016-11-01T10:39:59,271.97
2016-11-01T10:50:00,272
2016-11-01T10:59:59,272
2016-11-01T11:10:00,271.95
2016-11-01T11:19:59,271.91
2016-11-01T11:30:00,271.98
2016-11-01T11:39:59,271.98
2016-11-01T11:50:00,272.01
2016-11-01T12:00:00,271.98
2016-11-01T12:09:59,271.91
2016-11-01T12:20:00,271.88
2016-11-01T12:29:59,271.88
2016-11-01T12:40:00,271.92
2016-11-01T12:49:59,271.92
2016-11-01T13:00:00,272
2016-11-01T13:09:59,272.01
2016-11-01T13:20:00,271.97
2016-11-01T13:30:00,272.25
2016-11-01T13:39:59,271.98
2016-11-01T13:50:00,271.79
2016-11-01T13:59:59,271.67
2016-11-01T14:10:00,271.61
2016-11-01T14:19:59,271.64
2016-11-01T14:30:00,271.66
2016-11-01T14:39:59,271.32
2016-11-01T14:50:00,271.4
2016-11-01T15:00:00,271.67
2016-11-01T15:09:59,271.57
2016-11-01T15:20:00,271.5
2016-11-01T15:29:59,271.31
2016-11-01T15:40:00,271.37
2016-11-01T15:49:59,271.19
2016-11-01T16:00:00,271.08
2016-11-01T16:09:59,270.81
2016-11-01T16:20:00,270.71
2016-11-01T16:30:00,270.68
2016-11-01T16:39:59,270.66
2016-11-01T16:50:00,270.54
2016-11-01T16:59:59,270.63
2016-11-01T17:10:00,270.63
2016-11-01T17:19:59,270.42
2016-11-01T17:30:00,270.41
2016-11-01T17:39:59,270.15
2016-11-01T17:50:00,270.15
2016-11-01T18:00:00,270.14
2016-11-01T18:09:59,270
2016-11-01T18:20:00,269.99
2016-11-01T18:29:59,270.39
2016-11-01T18:40:00,270.35
2016-11-01T18:49:59,270.35
2016-11-01T19:00:00,270.24
2016-11-01T19:09:59,270.19
2016-11-01T19:20:00,270.27
2016-11-01T19:30:00,270.39
2016-11-01T19:39:59,270.5
2016-11-01T19:50:00,270.61
2016-11-01T19:59:59,270.67
2016-11-01T20:10:00,270.66
2016-11-01T20:39:59,270.53000000000003
2016-11-02T00:40:00,270.29
2016-11-02T00:49:59,270.28000000000003
2016-11-02T01:00:00,270.23
2016-11-02T01:09:59,270.26
2016-11-02T01:20:00,270.12
2016-11-02T01:30:00,270.08
2016-11-02T01:39:59,270.09000000000003
2016-11-02T01:50:00,270.07
2016-11-02T01:59:59,270.04
2016-11-02T02:10:00,269.98
2016-11-02T02:19:59,270
2016-11-02T02:30:00,270.02
2016-11-02T02:39:59,270.01
2016-11-02T02:50:00,270
2016-11-02T03:00:00,269.96
2016-11-02T03:09:59,269.97
2016-11-02T03:20:00,269.99
2016-11-02T03:29:59,269.96
2016-11-02T03:40:00,269.95
2016-11-02T03:49:59,269.87
2016-11-02T04:00:00,269.84000000000003
2016-11-02T04:09:59,269.87
2016-11-02T04:20:00,269.89
2016-11-02T04:30:00,269.88
2016-11-02T04:39:59,269.87
2016-11-02T04:50:00,269.9
2016-11-02T04:59:59,269.93
2016-11-02T05:10:00,269.93
2016-11-02T05:19:59,269.93
2016-11-02T05:30:00,269.93
2016-11-02T05:39:59,269.93
2016-11-02T05:50:00,269.94
2016-11-02T06:00:00,269.94
2016-11-02T06:09:59,269.96
2016-11-02T06:20:00,269.95
2016-11-02T06:29:59,269.92
2016-11-02T06:40:00,269.9
2016-11-02T06:49:59,269.89
2016-11-02T07:00:00,269.83
2016-11-02T07:09:59,269.85
2016-11-02T07:20:00,269.9
2016-11-02T07:30:00,269.92
2016-11-02T07:39:59,269.94
2016-11-02T07:50:00,270.01
2016-11-02T07:59:59,269.69
2016-11-02T08:10:00,269.69
2016-11-02T08:19:59,269.75
2016-11-02T08:30:00,269.76
2016-11-02T08:39:59,269.69
2016-11-02T08:50:00,269.69
2016-11-02T09:00:00,269.65
2016-11-02T09:09:59,269.7
2016-11-02T09:20:00,269.68
2016-11-02T09:29:59,269.67
2016-11-02T09:40:00,269.71
2016-11-02T09:49:59,269.74
2016-11-02T10:00:00,269.7
2016-11-02T10:09:59,269.66
2016-11-02T10:20:00,269.68
2016-11-02T10:30:00,269.73
2016-11-02T10:39:59,269.76
2016-11-02T10:50:00,269.72
2016-11-02T10:59:59,269.84000000000003
2016-11-02T11:10:00,269.87
2016-11-02T11:19:59,269.9
2016-11-02T11:30:00,269.94
2016-11-02T11:39:59,269.98
2016-11-02T11:50:00,270.02
2016-11-02T12:00:00,270.01
2016-11-02T12:09:59,270
2016-11-02T12:20:00,270.06
2016-11-02T12:29:59,270.08
2016-11-02T12:40:00,270.04
2016-11-02T12:49:59,269.96
2016-11-02T13:00:00,269.92
2016-11-02T13:09:59,269.95
2016-11-02T13:20:00,269.99
2016-11-02T13:30:00,269.4
2016-11-02T13:39:59,269.63
2016-11-02T13:50:00,269.67
2016-11-02T13:59:59,269.83
2016-11-02T14:10:00,269.78000000000003
2016-11-02T14:19:59,269.45
2016-11-02T14:30:00,269.19
2016-11-02T14:39:59,269.27
2016-11-02T14:50:00,269.11
2016-11-02T15:00:00,269.07
2016-11-02T15:09:59,269.4
2016-11-02T15:20:00,269.39
2016-11-02T15:29:59,269.23
2016-11-02T15:40:00,269.17
2016-11-02T15:49:59,269.09000000000003
2016-11-02T16:00:00,269.13
2016-11-02T16:09:59,269.17
2016-11-02T16:20:00,269.18
2016-11-02T16:30:00,269.06
2016-11-02T16:39:59,269.12
2016-11-02T16:50:00,269.13
2016-11-02T16:59:59,269.03000000000003
2016-11-02T17:10:00,268.75
2016-11-02T17:19:59,268.71
2016-11-02T17:30:00,268.73
2016-11-02T17:39:59,268.68
2016-11-02T17:50:00,268.69
2016-11-02T18:00:00,268.68
2016-11-02T18:09:59,268.6
2016-11-02T18:20:00,268.81
2016-11-02T18:29:59,268.86
2016-11-02T18:40:00,268.84000000000003
2016-11-02T18:49:59,268.64
2016-11-02T19:00:00,268.75
2016-11-02T19:09:59,268.73
2016-11-02T19:20:00,268.77
2016-11-02T19:30:00,268.83
2016-11-02T19:39:59,268.73
2016-11-02T19:50:00,268.52
2016-11-02T19:59:59,268.42
2016-11-02T20:10:00,268.44
2016-11-02T20:39:59,268.57
2016-11-03T00:40:00,268.54
2016-11-03T00:49:59,268.59000000000003
2016-11-03T01:00:00,268.61
2016-11-03T01:09:59,268.57
2016-11-03T01:20:00,268.53000000000003
2016-11-03T01:30:00,268.5
2016-11-03T01:39:59,268.55
2016-11-03T01:50:00,268.59000000000003
2016-11-03T01:59:59,268.65
2016-11-03T02:10:00,268.64
2016-11-03T02:19:59,268.68
2016-11-03T02:30:00,268.7
2016-11-03T02:39:59,268.69
2016-11-03T02:50:00,268.68
2016-11-03T03:00:00,268.58
2016-11-03T03:09:59,268.59000000000003
2016-11-03T03:20:00,268.63
2016-11-03T03:29:59,268.69
2016-11-03T03:40:00,268.71
2016-11-03T03:49:59,268.74
2016-11-03T04:00:00,268.74
2016-11-03T04:09:59,268.72
2016-11-03T04:20:00,268.72
2016-11-03T04:30:00,268.76
2016-11-03T04:39:59,268.76
2016-11-03T04:50:00,268.75
2016-11-03T04:59:59,268.72
2016-11-03T05:10:00,268.7
2016-11-03T05:19:59,268.69
2016-11-03T05:30:00,268.72
2016-11-03T05:39:59,268.72
2016-11-03T05:50:00,268.72
2016-11-03T06:00:00,268.7
2016-11-03T06:09:59,268.69
2016-11-03T06:20:00,268.74
2016-11-03T06:29:59,268.75
2016-11-03T06:40:00,268.72
2016-11-03T06:49:59,268.77
2016-11-03T07:00:00,268.77
2016-11-03T07:09:59,268.74
2016-11-03T07:20:00,268.73
2016-11-03T07:30:00,268.69
2016-11-03T07:39:59,268.71
2016-11-03T07:50:00,268.68
2016-11-03T07:59:59,268.53000000000003
2016-11-03T08:10:00,268.58
2016-11-03T08:19:59,268.6
2016-11-03T08:30:00,268.61
2016-11-03T08:39:59,268.54
2016-11-03T08:50:00,268.55
2016-11-03T09:00:00,268.53000000000003
2016-11-03T09:09:59,268.56
2016-11-03T09:20:00,268.58
2016-11-03T09:29:59,268.58
2016-11-03T09:40:00,268.57
2016-11-03T09:49:59,268.56
2016-11-03T10:00:00,268.59000000000003
2016-11-03T10:09:59,268.57
2016-11-03T10:20:00,268.55
2016-11-03T10:30:00,268.6
2016-11-03T10:39:59,268.58
2016-11-03T10:50:00,268.61
2016-11-03T10:59:59,268.54
2016-11-03T11:10:00,268.61
2016-11-03T11:19:59,268.55
2016-11-03T11:30:00,268.53000000000003
2016-11-03T11:39:59,268.57
2016-11-03T11:50:00,268.55
2016-11-03T12:00:00,268.51
2016-11-03T12:09:59,268.49
2016-11-03T12:20:00,268.54
2016-11-03T12:29:59,268.49
2016-11-03T12:40:00,268.5
2016-11-03T12:49:59,268.6
2016-11-03T13:00:00,268.58
2016-11-03T13:09:59,268.53000000000003
2016-11-03T13:20:00,268.49
2016-11-03T13:30:00,268.59000000000003
2016-11-03T13:39:59,268.7
2016-11-03T13:50:00,268.6
2016-11-03T13:59:59,268.52
2016-11-03T14:10:00,268.59000000000003
2016-11-03T14:19:59,268.62
2016-11-03T14:30:00,268.79
2016-11-03T14:39:59,268.82
2016-11-03T14:50:00,268.73
2016-11-03T15:00:00,268.58
2016-11-03T15:09:59,268.64
2016-11-03T15:20:00,268.55
2016-11-03T15:29:59,268.67
2016-11-03T15:40:00,268.48
2016-11-03T15:49:59,268.57
2016-11-03T16:00:00,268.49
2016-11-03T16:09:59,268.27
2016-11-03T16:20:00,268.15
2016-11-03T16:30:00,268.11
2016-11-03T16:39:59,267.88
2016-11-03T16:50:00,267.96
2016-11-03T16:59:59,267.94
2016-11-03T17:10:00,267.97
2016-11-03T17:19:59,267.98
2016-11-03T17:30:00,268.03000000000003
2016-11-03T17:39:59,267.93
2016-11-03T17:50:00,267.99
2016-11-03T18:00:00,268.1
2016-11-03T18:09:59,268.09000000000003
2016-11-03T18:20:00,268.04
2016-11-03T18:29:59,267.94
2016-11-03T18:40:00,267.89
2016-11-03T18:49:59,267.97
2016-11-03T19:00:00,267.94
2016-11-03T19:09:59,267.88
2016-11-03T19:20:00,267.82
2016-11-03T19:30:00,267.65
2016-11-03T19:39:59,267.49
2016-11-03T19:50:00,267.62
2016-11-03T19:59:59,267.72
2016-11-03T20:10:00,267.72
2016-11-03T20:39:59,267.62
2016-11-04T00:40:00,267.24
2016-11-04T00:40:00,267.24
2016-11-04T00:49:59,267.15
2016-11-04T00:49:59,267.15
2016-11-04T01:00:00,267.15
2016-11-04T01:00:00,267.15
2016-11-04T01:09:59,267.12
2016-11-04T01:09:59,267.12
2016-11-04T01:20:00,267.08
2016-11-04T01:20:00,267.08
2016-11-04T01:30:00,267.11
2016-11-04T01:30:00,267.11
2016-11-04T01:39:59,267.14
2016-11-04T01:39:59,267.14
2016-11-04T01:50:00,267.09
2016-11-04T01:50:00,267.09
2016-11-04T01:59:59,267.09
2016-11-04T01:59:59,267.09
2016-11-04T02:10:00,267.16
2016-11-04T02:10:00,267.16
2016-11-04T02:19:59,267.15
2016-11-04T02:30:00,267.12
2016-11-04T02:30:00,267.12
2016-11-04T02:39:59,267.11
2016-11-04T02:50:00,267.11
2016-11-04T02:50:00,267.11
2016-11-04T03:00:00,267.07
2016-11-04T03:00:00,267.07
2016-11-04T03:09:59,267.09
2016-11-04T03:09:59,267.09
2016-11-04T03:20:00,267.11
2016-11-04T03:20:00,267.11
2016-11-04T03:29:59,267.14
2016-11-04T03:29:59,267.14
2016-11-04T03:40:00,267.07
2016-11-04T03:40:00,267.07
2016-11-04T03:49:59,267.12
2016-11-04T03:49:59,267.12
2016-11-04T04:00:00,267.09
2016-11-04T04:00:00,267.09
2016-11-04T04:09:59,267.09
2016-11-04T04:09:59,267.09
2016-11-04T04:20:00,267.08
2016-11-04T04:20:00,267.08
2016-11-04T04:30:00,267.07
2016-11-04T04:30:00,267.07
2016-11-04T04:39:59,267.02
2016-11-04T04:39:59,267.02
2016-11-04T04:50:00,267.03
2016-11-04T04:50:00,267.03
2016-11-04T04:59:59,267.03
2016-11-04T04:59:59,267.03
2016-11-04T05:10:00,267.01
2016-11-04T05:10:00,267.01
2016-11-04T05:19:59,267.04
2016-11-04T05:19:59,267.04
2016-11-04T05:30:00,267.01
2016-11-04T05:30:00,267.01
2016-11-04T05:39:59,267.02
2016-11-04T05:39:59,267.02
2016-11-04T05:50:00,266.99
2016-11-04T05:50:00,266.99
2016-11-04T06:00:00,266.98
2016-11-04T06:00:00,266.98
2016-11-04T06:09:59,267.01
2016-11-04T06:09:59,267.01
2016-11-04T06:20:00,267.06
2016-11-04T06:29:59,267.05
2016-11-04T06:29:59,267.05
2016-11-04T06:40:00,267.07
2016-11-04T06:49:59,267.05
2016-11-04T06:49:59,267.05
2016-11-04T07:00:00,266.99
2016-11-04T07:00:00,266.99
2016-11-04T07:09:59,267.06
2016-11-04T07:20:00,267.07
2016-11-04T07:20:00,267.07
2016-11-04T07:30:00,267.02
2016-11-04T07:30:00,267.02
2016-11-04T07:39:59,266.99
2016-11-04T07:39:59,266.99
2016-11-04T07:50:00,267.02
2016-11-04T07:50:00,267.02
2016-11-04T07:59:59,267.02
2016-11-04T07:59:59,267.02
2016-11-04T08:10:00,266.79
2016-11-04T08:10:00,266.79
2016-11-04T08:19:59,266.73
2016-11-04T08:19:59,266.73
2016-11-04T08:30:00,266.63
2016-11-04T08:30:00,266.63
2016-11-04T08:39:59,266.65
2016-11-04T08:39:59,266.65
2016-11-04T08:50:00,266.58
2016-11-04T08:50:00,266.58
2016-11-04T09:00:00,266.67
2016-11-04T09:00:00,266.67
2016-11-04T09:09:59,266.56
2016-11-04T09:09:59,266.56
2016-11-04T09:20:00,266.45
2016-11-04T09:20:00,266.45
2016-11-04T09:29:59,266.45
2016-11-04T09:29:59,266.45
2016-11-04T09:40:00,266.62
2016-11-04T09:40:00,266.62
2016-11-04T09:49:59,266.59
2016-11-04T09:49:59,266.59
2016-11-04T10:00:00,266.53
2016-11-04T10:00:00,266.53
2016-11-04T10:09:59,266.56
2016-11-04T10:09:59,266.56
2016-11-04T10:20:00,266.54
2016-11-04T10:20:00,266.54
2016-11-04T10:30:00,266.56
2016-11-04T10:30:00,266.56
2016-11-04T10:39:59,266.53
2016-11-04T10:39:59,266.53
2016-11-04T10:50:00,266.54
2016-11-04T10:50:00,266.54
2016-11-04T10:59:59,266.51
2016-11-04T10:59:59,266.51
2016-11-04T11:10:00,266.49
2016-11-04T11:10:00,266.49
2016-11-04T11:19:59,266.55
2016-11-04T11:19:59,266.55
2016-11-04T11:30:00,266.57
2016-11-04T11:30:00,266.57
2016-11-04T11:39:59,266.54
2016-11-04T11:39:59,266.54
2016-11-04T11:50:00,266.6
2016-11-04T11:50:00,266.6
2016-11-04T12:00:00,266.57
2016-11-04T12:00:00,266.57
2016-11-04T12:09:59,266.6
2016-11-04T12:09:59,266.6
2016-11-04T12:20:00,266.52
2016-11-04T12:20:00,266.52
2016-11-04T12:29:59,266.52
2016-11-04T12:29:59,266.52
2016-11-04T12:40:00,266.37
2016-11-04T12:40:00,266.37
2016-11-04T12:49:59,266.56
2016-11-04T12:49:59,266.56
2016-11-04T13:00:00,266.6
2016-11-04T13:00:00,266.6
2016-11-04T13:09:59,266.56
2016-11-04T13:20:00,266.55
2016-11-04T13:20:00,266.55
2016-11-04T13:30:00,266.57
2016-11-04T13:30:00,266.57
2016-11-04T13:39:59,266.73
2016-11-04T13:39:59,266.73
2016-11-04T13:50:00,266.55
2016-11-04T13:59:59,266.31
2016-11-04T13:59:59,266.31
2016-11-04T14:10:00,266.57
2016-11-04T14:10:00,266.57
2016-11-04T14:19:59,266.51
2016-11-04T14:19:59,266.51
2016-11-04T14:30:00,266.55
2016-11-04T14:30:00,266.55
2016-11-04T14:39:59,266.82
2016-11-04T14:39:59,266.82
2016-11-04T14:50:00,266.84
2016-11-04T14:50:00,266.84
2016-11-04T15:00:00,266.92
2016-11-04T15:00:00,266.92
2016-11-04T15:09:59,267.13
2016-11-04T15:09:59,267.13
2016-11-04T15:20:00,267.2
2016-11-04T15:20:00,267.2
2016-11-04T15:29:59,267.13
2016-11-04T15:29:59,267.13
2016-11-04T15:40:00,266.87
2016-11-04T15:40:00,266.87
2016-11-04T15:49:59,266.97
2016-11-04T15:49:59,266.97
2016-11-04T16:00:00,266.99
2016-11-04T16:00:00,266.99
2016-11-04T16:09:59,267.19
2016-11-04T16:09:59,267.19
2016-11-04T16:20:00,267.42
2016-11-04T16:20:00,267.42
2016-11-04T16:30:00,267.37
2016-11-04T16:30:00,267.37
2016-11-04T16:39:59,267.3
2016-11-04T16:39:59,267.3
2016-11-04T16:50:00,267.31
2016-11-04T16:50:00,267.31
2016-11-04T16:59:59,267.35
2016-11-04T16:59:59,267.35
2016-11-04T17:10:00,267.37
2016-11-04T17:10:00,267.37
2016-11-04T17:19:59,267.37
2016-11-04T17:19:59,267.37
2016-11-04T17:30:00,267.26
2016-11-04T17:30:00,267.26
2016-11-04T17:39:59,267.33
2016-11-04T17:39:59,267.33
2016-11-04T17:50:00,267.26
2016-11-04T17:50:00,267.26
2016-11-04T18:00:00,267.22
2016-11-04T18:00:00,267.22
2016-11-04T18:09:59,267.16
2016-11-04T18:09:59,267.16
2016-11-04T18:20:00,267.24
2016-11-04T18:20:00,267.24
2016-11-04T18:29:59,267.19
2016-11-04T18:29:59,267.19
2016-11-04T18:40:00,267.01
2016-11-04T18:40:00,267.01
2016-11-04T18:49:59,266.95
2016-11-04T18:49:59,266.95
2016-11-04T19:00:00,266.85
2016-11-04T19:00:00,266.85
2016-11-04T19:09:59,266.69
2016-11-04T19:09:59,266.69
2016-11-04T19:20:00,266.79
2016-11-04T19:20:00,266.79
2016-11-04T19:30:00,266.77
2016-11-04T19:30:00,266.77
2016-11-04T19:39:59,266.57
2016-11-04T19:39:59,266.57
2016-11-04T19:50:00,266.54
2016-11-04T19:50:00,266.54
2016-11-04T19:59:59,266.54
2016-11-04T19:59:59,266.54
2016-11-04T20:10:00,266.45
2016-11-04T20:39:59,266.43
2016-11-07T00:40:00,266.41
2016-11-07T00:40:00,266.41
2016-11-07T00:49:59,266.38
2016-11-07T00:49:59,266.38
2016-11-07T01:00:00,266.36
2016-11-07T01:00:00,266.36
2016-11-07T01:09:59,266.48
2016-11-07T01:09:59,266.48
2016-11-07T01:20:00,266.45
2016-11-07T01:20:00,266.45
2016-11-07T01:30:00,266.47
2016-11-07T01:30:00,266.47
2016-11-07T01:39:59,266.47
2016-11-07T01:39:59,266.47
2016-11-07T01:50:00,266.51
2016-11-07T01:50:00,266.51
2016-11-07T01:59:59,266.53
2016-11-07T01:59:59,266.53
2016-11-07T02:10:00,266.48
2016-11-07T02:10:00,266.48
2016-11-07T02:19:59,266.46
2016-11-07T02:19:59,266.46
2016-11-07T02:30:00,266.48
2016-11-07T02:30:00,266.48
2016-11-07T02:39:59,266.42
2016-11-07T02:39:59,266.42
2016-11-07T02:50:00,266.4
2016-11-07T02:50:00,266.4
2016-11-07T03:00:00,266.4
2016-11-07T03:00:00,266.4
2016-11-07T03:09:59,266.42
2016-11-07T03:09:59,266.42
2016-11-07T03:20:00,266.41
2016-11-07T03:20:00,266.41
2016-11-07T03:29:59,266.46
2016-11-07T03:29:59,266.46
2016-11-07T03:40:00,266.47
2016-11-07T03:40:00,266.47
2016-11-07T03:49:59,266.49
2016-11-07T03:49:59,266.49
2016-11-07T04:00:00,266.49
2016-11-07T04:00:00,266.49
2016-11-07T04:09:59,266.51
2016-11-07T04:20:00,266.53
2016-11-07T04:20:00,266.53
2016-11-07T04:30:00,266.52
2016-11-07T04:30:00,266.52
2016-11-07T04:39:59,266.49
2016-11-07T04:39:59,266.49
2016-11-07T04:50:00,266.45
2016-11-07T04:50:00,266.45
2016-11-07T04:59:59,266.43
2016-11-07T05:10:00,266.42
2016-11-07T05:10:00,266.42
2016-11-07T05:19:59,266.42
2016-11-07T05:19:59,266.42
2016-11-07T05:30:00,266.39
2016-11-07T05:30:00,266.39
2016-11-07T05:39:59,266.39
2016-11-07T05:39:59,266.39
2016-11-07T05:50:00,266.42
2016-11-07T05:50:00,266.42
2016-11-07T06:00:00,266.43
2016-11-07T06:00:00,266.43
2016-11-07T06:09:59,266.43
2016-11-07T06:20:00,266.4
2016-11-07T06:20:00,266.4
2016-11-07T06:29:59,266.38
2016-11-07T06:29:59,266.38
2016-11-07T06:40:00,266.39
2016-11-07T06:49:59,266.4
2016-11-07T06:49:59,266.4
2016-11-07T07:00:00,266.44
2016-11-07T07:00:00,266.44
2016-11-07T07:09:59,266.47
2016-11-07T07:09:59,266.47
2016-11-07T07:20:00,266.44
2016-11-07T07:20:00,266.44
2016-11-07T07:30:00,266.43
2016-11-07T07:30:00,266.43
2016-11-07T07:39:59,266.44
2016-11-07T07:50:00,266.44
2016-11-07T07:50:00,266.44
2016-11-07T07:59:59,266.41
2016-11-07T07:59:59,266.41
2016-11-07T08:10:00,267.16
2016-11-07T08:10:00,267.16
2016-11-07T08:19:59,267.06
2016-11-07T08:19:59,267.06
2016-11-07T08:30:00,267.07
2016-11-07T08:30:00,267.07
2016-11-07T08:39:59,267.1
2016-11-07T08:39:59,267.1
2016-11-07T08:50:00,267.09
2016-11-07T08:50:00,267.09
2016-11-07T09:00:00,267.08
2016-11-07T09:00:00,267.08
2016-11-07T09:09:59,267.09
2016-11-07T09:09:59,267.09
2016-11-07T09:20:00,267.16
2016-11-07T09:20:00,267.16
2016-11-07T09:29:59,267.25
2016-11-07T09:29:59,267.25
2016-11-07T09:40:00,267.17
2016-11-07T09:40:00,267.17
2016-11-07T09:49:59,267.1
2016-11-07T09:49:59,267.1
2016-11-07T10:00:00,267.12
2016-11-07T10:00:00,267.12
2016-11-07T10:09:59,267.13
2016-11-07T10:09:59,267.13
2016-11-07T10:20:00,267.15
2016-11-07T10:20:00,267.15
2016-11-07T10:30:00,267.15
2016-11-07T10:30:00,267.15
2016-11-07T10:39:59,267.15
2016-11-07T10:50:00,267.15
2016-11-07T10:50:00,267.15
2016-11-07T10:59:59,267.17
2016-11-07T10:59:59,267.17
2016-11-07T11:10:00,267.2
2016-11-07T11:10:00,267.2
2016-11-07T11:19:59,267.23
2016-11-07T11:19:59,267.23
2016-11-07T11:30:00,267.26
2016-11-07T11:39:59,267.27
2016-11-07T11:50:00,267.26
2016-11-07T11:50:00,267.26
2016-11-07T12:00:00,267.25
2016-11-07T12:00:00,267.25
2016-11-07T12:09:59,267.26
2016-11-07T12:09:59,267.26
2016-11-07T12:20:00,267.29
2016-11-07T12:20:00,267.29
2016-11-07T12:29:59,267.26
2016-11-07T12:40:00,267.25
2016-11-07T12:40:00,267.25
2016-11-07T12:49:59,267.26
2016-11-07T12:49:59,267.26
2016-11-07T13:00:00,267.24
2016-11-07T13:09:59,267.33
2016-11-07T13:20:00,267.32
2016-11-07T13:30:00,267.31
2016-11-07T13:39:59,267.34
2016-11-07T13:50:00,267.35
2016-11-07T13:59:59,267.33
2016-11-07T14:10:00,267.34
2016-11-07T14:19:59,267.36
2016-11-07T14:30:00,267.33
2016-11-07T14:39:59,269.57
2016-11-07T14:50:00,269.62
2016-11-07T15:00:00,269.54
2016-11-07T15:09:59,269.48
2016-11-07T15:20:00,269.47
2016-11-07T15:29:59,269.48
2016-11-07T15:40:00,269.72
2016-11-07T15:49:59,269.72
2016-11-07T16:00:00,269.88
2016-11-07T16:09:59,269.95
2016-11-07T16:20:00,270.03
2016-11-07T16:30:00,270.04
2016-11-07T16:39:59,270.18
2016-11-07T16:50:00,270.25
2016-11-07T16:59:59,270.33
2016-11-07T17:10:00,270.38
2016-11-07T17:19:59,270.37
2016-11-07T17:30:00,270.33
2016-11-07T17:39:59,270.23
2016-11-07T17:50:00,270.26
2016-11-07T18:00:00,270.35
2016-11-07T18:09:59,270.34
2016-11-07T18:20:00,270.26
2016-11-07T18:29:59,270.29
2016-11-07T18:40:00,270.37
2016-11-07T18:49:59,270.34
2016-11-07T19:00:00,270.41
2016-11-07T19:09:59,270.36
2016-11-07T19:20:00,270.42
2016-11-07T19:30:00,270.4
2016-11-07T19:39:59,270.33
2016-11-07T19:50:00,270.15
2016-11-07T19:59:59,270.18
2016-11-07T20:10:00,270.17
2016-11-07T20:19:59,270.31
2016-11-07T20:30:00,270.28
2016-11-07T20:39:59,270.25
2016-11-07T20:50:00,270.46
2016-11-07T21:00:00,270.65
2016-11-07T21:09:59,270.48
2016-11-08T00:40:00,270.65
2016-11-08T00:49:59,270.68
2016-11-08T00:49:59,270.68
2016-11-08T01:00:00,270.67
2016-11-08T01:00:00,270.67
2016-11-08T01:09:59,270.64
2016-11-08T01:20:00,270.67
2016-11-08T01:20:00,270.67
2016-11-08T01:20:00,270.67
2016-11-08T01:20:00,270.67
2016-11-08T01:30:00,270.71
2016-11-08T01:39:59,270.66
2016-11-08T01:50:00,270.64
2016-11-08T01:59:59,270.66
2016-11-08T02:10:00,270.63
2016-11-08T02:19:59,270.6
2016-11-08T02:30:00,270.62
2016-11-08T02:39:59,270.61
2016-11-08T02:50:00,270.6
2016-11-08T03:00:00,270.62
2016-11-08T03:09:59,270.64
2016-11-08T03:20:00,270.67
2016-11-08T03:29:59,270.66
2016-11-08T03:40:00,270.67
2016-11-08T03:49:59,270.68
2016-11-08T04:00:00,270.71
2016-11-08T04:09:59,270.75
2016-11-08T04:20:00,270.74
2016-11-08T04:30:00,270.75
2016-11-08T04:39:59,270.74
2016-11-08T04:50:00,270.72
2016-11-08T04:59:59,270.72
2016-11-08T05:10:00,270.76
2016-11-08T05:19:59,270.77
2016-11-08T05:30:00,270.75
2016-11-08T05:39:59,270.77
2016-11-08T05:50:00,270.77
2016-11-08T06:00:00,270.77
2016-11-08T06:09:59,270.78
2016-11-08T06:20:00,270.77
2016-11-08T06:29:59,270.77
2016-11-08T06:40:00,270.77
2016-11-08T06:49:59,270.76
2016-11-08T07:00:00,270.77
2016-11-08T07:09:59,270.79
2016-11-08T07:20:00,270.81
2016-11-08T07:30:00,270.84
2016-11-08T07:39:59,270.86
2016-11-08T07:50:00,270.83
2016-11-08T07:59:59,270.87
2016-11-08T08:10:00,270.99
2016-11-08T08:19:59,271.12
2016-11-08T08:30:00,271.01
2016-11-08T08:39:59,271.01
2016-11-08T08:50:00,271.05
2016-11-08T09:00:00,271.08
2016-11-08T09:09:59,271.04
2016-11-08T09:20:00,271.02
2016-11-08T09:29:59,270.97
2016-11-08T09:40:00,270.98
2016-11-08T09:49:59,270.99
2016-11-08T10:00:00,271.01
2016-11-08T10:09:59,270.96
2016-11-08T10:20:00,270.89
2016-11-08T10:30:00,270.88
2016-11-08T10:39:59,270.9
2016-11-08T10:50:00,270.87
2016-11-08T10:59:59,270.89
2016-11-08T11:10:00,270.81
2016-11-08T11:19:59,270.83
2016-11-08T11:30:00,270.84
2016-11-08T11:39:59,270.8
2016-11-08T11:50:00,270.76
2016-11-08T12:00:00,270.77
2016-11-08T12:09:59,270.74
2016-11-08T12:20:00,270.76
2016-11-08T12:29:59,270.77
2016-11-08T12:40:00,270.76
2016-11-08T12:49:59,270.78
2016-11-08T13:00:00,270.8
2016-11-08T13:09:59,270.75
2016-11-08T13:20:00,270.78
2016-11-08T13:30:00,270.77
2016-11-08T13:39:59,270.77
2016-11-08T13:50:00,270.76
2016-11-08T13:59:59,270.74
2016-11-08T14:10:00,270.74
2016-11-08T14:19:59,270.72
2016-11-08T14:30:00,270.71
2016-11-08T14:39:59,270.35
2016-11-08T14:50:00,270.24
2016-11-08T15:00:00,270.15
2016-11-08T15:09:59,270.29
2016-11-08T15:20:00,270.35
2016-11-08T15:29:59,270.5
2016-11-08T15:40:00,270.6
2016-11-08T15:49:59,270.67
2016-11-08T16:00:00,270.68
2016-11-08T16:09:59,271.05
2016-11-08T16:20:00,271.42
2016-11-08T16:30:00,271.39
2016-11-08T16:39:59,271.5
2016-11-08T16:50:00,271.49
2016-11-08T16:59:59,271.55
2016-11-08T17:10:00,271.74
2016-11-08T17:19:59,271.88
2016-11-08T17:30:00,271.86
2016-11-08T17:39:59,271.81
2016-11-08T17:50:00,271.87
2016-11-08T18:00:00,272.04
2016-11-08T18:09:59,271.94
2016-11-08T18:20:00,271.71
2016-11-08T18:29:59,271.76
2016-11-08T18:40:00,271.82
2016-11-08T18:49:59,271.79
2016-11-08T19:00:00,271.71
2016-11-08T19:09:59,271.71
2016-11-08T19:20:00,271.51
2016-11-08T19:30:00,271.58
2016-11-08T19:39:59,271.43
2016-11-08T19:50:00,271.36
2016-11-08T19:59:59,271.52
2016-11-08T20:10:00,271.7
2016-11-08T20:19:59,271.62
2016-11-08T20:30:00,271.72
2016-11-08T20:39:59,271.81
2016-11-08T20:50:00,271.83
2016-11-08T21:00:00,271.51
2016-11-08T21:09:59,271.58
2016-11-09T00:40:00,271.82
2016-11-09T00:49:59,271.67
2016-11-09T01:00:00,271.78
2016-11-09T01:09:59,271.79
2016-11-09T01:20:00,271.87
2016-11-09T01:30:00,271.9
2016-11-09T01:39:59,271.77
2016-11-09T01:50:00,271.67
2016-11-09T01:59:59,271.5
2016-11-09T02:10:00,271.39
2016-11-09T02:19:59,271.34
2016-11-09T02:30:00,271.26
2016-11-09T02:39:59,271.3
2016-11-09T02:50:00,271.28
2016-11-09T03:00:00,271.2
2016-11-09T03:09:59,271.19
2016-11-09T03:20:00,271.13
2016-11-09T03:29:59,271.14
2016-11-09T03:40:00,270.54
2016-11-09T03:49:59,270.51
2016-11-09T04:00:00,270.48
2016-11-09T04:09:59,270.95
2016-11-09T04:20:00,271.05
